loan_amount,customer_income,age,tenure,previous_loans,repayment_history,target
11,4424,42,1,3,1,0
8,6361,20,1,2,0,1
17,9069,25,8,1,0,0
19,2920,50,8,1,1,0
15,5430,59,2,4,1,0
12,6435,52,7,1,1,1
17,6484,23,8,2,1,1
9,4624,56,8,1,1,1
11,5760,40,7,3,1,0
14,4050,42,5,1,1,1
7,5500,36,1,4,1,1
11,3165,22,9,1,0,0
15,2375,28,7,2,1,0
15,9837,29,2,2,1,1
12,4033,27,6,1,0,0
9,8467,25,2,2,1,1
8,2145,41,1,2,0,1
12,8077,45,7,4,1,0
12,6388,58,2,3,1,0
7,9832,53,2,4,1,1
10,2431,54,5,0,1,0
9,2704,38,5,4,0,1
6,9092,25,7,1,1,1
12,8094,26,1,3,1,0
16,4632,32,8,1,1,1
18,6494,57,3,0,1,1
10,8960,35,4,3,1,0
6,9511,59,9,2,1,1
16,2963,37,4,4,0,0
9,9307,23,5,1,1,1
5,4234,29,7,0,1,1
16,4041,19,4,2,1,1
14,3828,24,1,4,0,0
10,4108,33,9,2,0,0
17,6068,20,4,4,1,0
16,2938,20,9,3,1,0
13,9547,44,6,2,1,1
5,6805,57,1,2,1,1
15,2806,55,3,2,1,0
15,3463,50,2,3,1,0
19,9486,45,9,0,0,0
14,7421,18,1,4,1,0
16,5415,25,9,2,0,0
16,2010,54,9,3,1,0
19,7181,49,8,0,1,1
18,3868,54,8,4,1,0
18,8369,21,1,3,1,0
19,9320,47,8,4,1,0
18,9878,23,3,2,1,1
7,8707,36,7,0,0,1
16,6867,49,1,3,1,0
11,7690,26,1,0,0,0
8,7703,29,5,2,1,1
13,9827,28,5,0,0,0
7,9742,33,8,0,0,1
9,7429,18,7,1,1,1
7,2884,38,8,0,1,1
11,9410,47,6,4,1,0
9,5564,30,6,3,0,1
13,3389,51,2,1,1,0
11,5401,21,6,3,0,0
6,9274,45,5,3,1,1
8,6321,55,3,2,1,1
13,2824,48,6,2,1,0
16,4265,44,8,1,1,1
18,2936,22,9,2,1,0
6,4800,42,1,2,1,1
14,4553,20,3,2,1,1
13,8402,50,3,3,1,0
14,8007,21,8,1,1,1
9,5845,42,1,3,0,1
6,9684,37,5,4,1,1
8,3796,51,3,3,1,1
16,2053,43,2,4,1,0
19,9214,22,8,0,0,0
16,2726,52,3,0,0,0
11,4736,45,7,4,1,0
16,7640,46,1,4,1,0
17,5170,26,6,3,0,0
12,7139,55,3,4,1,0
19,3913,23,8,1,1,0
7,7872,36,6,0,1,1
18,3596,28,2,0,0,0
5,3914,19,6,4,0,1
8,9657,26,7,2,1,1
6,4466,38,5,2,0,1
12,4737,41,3,4,0,0
8,2849,51,4,1,1,1
6,4109,39,4,2,1,1
18,9312,20,6,4,0,0
10,8359,29,1,1,0,0
10,2002,45,4,1,0,0
14,6255,47,4,3,0,0
8,9906,43,1,1,1,1
10,6069,38,9,2,1,1
17,6876,45,4,2,1,1
19,9287,43,7,4,1,0
6,2892,50,3,4,1,1
14,4030,38,3,1,0,0
16,5160,52,8,0,1,1
6,4376,51,8,3,1,1
14,6675,58,1,0,1,1
18,3933,35,2,1,0,0
8,3380,28,8,1,1,1
18,5681,40,1,0,1,1
19,3290,39,8,3,1,0
19,3640,34,8,0,0,0
12,7047,22,2,4,1,0
18,9490,28,4,2,1,1
11,4682,47,6,4,1,0
16,2987,32,9,2,1,0
13,9708,44,8,1,0,0
18,9816,52,8,3,0,0
12,3218,50,7,0,1,0
9,7016,37,9,3,1,1
17,8881,33,2,0,0,0
6,3355,51,3,4,1,1
19,6265,19,8,4,1,0
9,6616,52,6,0,0,1
12,7582,57,9,3,1,0
14,6135,45,4,0,1,1
13,3560,56,8,1,1,0
16,9428,23,3,4,1,0
16,3418,26,3,1,1,0
16,2954,37,8,4,0,0
17,9393,18,5,4,1,0
13,2983,25,3,2,0,0
17,9291,40,1,1,1,1
19,2974,20,3,1,0,0
17,6133,21,9,2,1,1
5,8471,42,5,3,1,1
13,7370,55,2,1,1,1
11,5972,32,7,0,0,0
13,7295,38,2,2,1,1
12,7721,52,4,1,1,1
5,2913,31,7,3,1,1
16,6549,53,4,1,0,0
12,2036,29,7,4,1,0
12,5387,34,7,0,1,1
19,3711,56,1,2,0,0
15,5020,26,6,4,1,0
7,2795,52,9,3,1,1
5,6036,30,2,4,1,1
12,7068,32,3,4,1,0
7,6688,35,5,3,1,1
7,7233,50,9,4,1,1
5,5111,23,4,2,1,1
15,3324,44,1,1,1,0
9,8367,40,4,4,1,1
14,2317,44,6,2,1,0
11,4396,51,5,1,0,0
14,4162,55,1,1,1,1
13,4745,31,4,4,1,0
16,7442,53,6,2,0,0
11,3591,25,4,4,0,0
13,5111,52,9,3,1,0
12,7985,36,5,1,1,1
16,8183,47,8,4,1,0
6,5930,31,9,1,1,1
5,3996,37,5,2,0,1
11,7868,42,6,0,1,1
11,3312,57,1,4,1,0
18,3285,41,7,4,1,0
12,6311,31,4,1,0,0
9,9314,43,2,2,1,1
7,4383,55,5,3,0,1
16,5239,40,3,2,1,1
12,4139,39,6,4,1,0
10,8496,36,8,3,1,0
15,8714,20,7,2,0,0
7,9738,59,3,0,1,1
5,8959,36,8,1,1,1
7,3704,26,2,2,1,1
9,8924,45,9,2,1,1
19,2362,37,4,0,1,0
18,4604,24,1,4,1,0
7,9512,31,8,1,1,1
5,3716,26,7,2,1,1
9,7289,36,5,3,0,1
14,6451,31,5,2,1,1
11,6286,55,7,1,1,1
19,5738,53,5,2,0,0
18,4469,57,8,0,1,1
11,6795,34,6,2,1,1
15,8150,47,5,2,1,1
13,8276,26,9,3,1,0
19,9914,50,2,0,0,0
19,2556,42,1,0,1,0
14,2825,31,8,2,0,0
14,4808,28,3,3,1,0
16,7150,52,7,2,0,0
17,8678,58,8,2,0,0
7,6521,31,6,1,1,1
19,9561,47,9,1,1,1
11,4719,58,7,3,1,0
5,8506,21,5,4,1,1
8,5508,21,8,1,0,1
17,5741,45,2,4,0,0
8,3574,25,7,0,1,1
18,5998,19,4,1,0,0
9,4129,58,9,1,1,1
11,4403,39,1,3,1,0
11,5329,58,7,4,1,0
17,9885,33,6,1,1,1
19,2588,46,8,1,1,0
15,4012,47,5,3,1,0
17,3547,29,1,3,0,0
8,2294,52,1,4,0,1
17,3985,28,9,0,1,0
11,7343,38,6,0,1,1
15,7644,38,5,2,1,1
7,5117,22,1,1,1,1
10,3690,37,6,4,0,0
16,3136,54,6,1,1,0
6,7352,20,3,4,1,1
14,4064,50,8,4,0,0
17,6455,26,1,4,1,0
18,9390,26,1,1,0,0
13,9009,21,6,3,1,0
9,6795,52,1,1,1,1
10,6543,34,6,4,1,0
16,8999,51,1,2,1,1
16,8508,41,6,0,1,1
16,6770,49,3,4,1,0
16,3007,18,8,2,1,0
8,7445,25,6,3,1,1
18,4514,40,1,4,1,0
18,8557,57,5,2,0,0
15,5526,29,8,4,1,0
14,6681,29,3,1,0,0
11,7352,32,6,2,0,0
16,3247,58,5,1,1,0
13,7089,36,6,1,1,1
11,5902,43,1,2,0,0
18,3435,46,7,0,1,0
5,2571,39,9,2,1,1
5,4382,57,2,0,1,1
13,3245,38,5,4,0,0
15,4084,55,4,4,1,0
18,7084,37,6,2,1,1
13,2277,46,6,4,1,0
8,7315,21,2,3,0,1
17,9059,24,2,1,0,0
13,3887,45,4,1,1,0
7,6579,45,1,0,1,1
11,3265,21,9,4,0,0
10,9491,39,7,0,0,0
12,6826,29,7,1,1,1
15,8335,20,3,1,0,0
13,3040,39,3,4,1,0
18,8667,19,1,3,0,0
9,2917,41,3,3,0,1
5,8544,51,3,4,1,1
7,2885,44,4,4,1,1
14,4752,58,4,0,1,1
16,2021,18,3,4,1,0
12,6569,25,8,3,1,0
19,5191,40,8,4,1,0
15,8353,55,1,0,0,0
10,4353,23,7,0,1,1
12,9437,39,2,0,1,1
13,6799,42,1,0,1,1
8,2686,35,3,2,0,1
5,2284,34,4,4,1,1
18,6811,29,6,1,1,1
5,5747,23,5,4,1,1
14,2762,43,4,2,0,0
8,7346,44,8,0,0,1
16,7043,25,4,2,1,1
18,4428,36,2,3,0,0
11,4507,59,3,3,1,0
6,7126,18,6,4,1,1
7,2028,46,8,4,0,1
5,2906,52,8,1,1,1
9,5104,57,9,1,1,1
5,9813,31,7,3,1,1
12,9022,52,2,0,0,0
5,8222,37,8,2,0,1
15,5999,30,7,1,1,1
5,4994,55,8,1,0,1
6,4506,25,3,0,1,1
6,6665,37,7,0,0,1
16,8102,50,9,4,1,0
10,5609,43,3,2,1,1
11,5553,56,6,0,1,1
9,3453,38,2,1,0,1
5,6833,59,2,1,1,1
5,5356,58,5,3,0,1
7,2515,26,5,0,1,1
18,8096,41,7,4,0,0
6,9266,54,2,2,1,1
9,8540,58,7,4,1,1
16,9656,34,5,1,0,0
14,2038,41,6,4,1,0
10,5342,38,8,1,0,0
11,2886,56,4,1,1,0
8,4844,58,7,1,1,1
11,4204,56,6,1,1,1
15,3098,30,2,1,1,0
12,9027,28,8,3,0,0
15,3823,36,9,4,1,0
5,5201,28,5,3,0,1
19,7806,30,4,3,1,0
10,7069,18,6,0,1,1
12,5155,57,8,0,1,1
9,5093,36,3,0,0,1
8,5530,29,1,2,1,1
6,7658,25,4,0,1,1
10,5778,25,4,4,1,0
10,4896,29,1,3,0,0
15,5453,50,9,4,0,0
19,8891,43,3,0,0,0
5,5511,56,5,2,1,1
13,9771,45,6,2,0,0
16,2988,22,8,3,1,0
15,6116,25,6,4,0,0
10,8446,42,3,1,1,1
17,6964,44,6,4,1,0
7,6026,40,1,0,1,1
8,6179,47,4,1,1,1
16,9941,40,6,2,0,0
15,3682,37,7,3,0,0
8,8072,35,3,3,0,1
7,9620,35,9,2,1,1
14,7506,19,7,0,1,1
7,7626,21,1,2,1,1
19,9424,47,2,0,1,1
7,6665,50,1,1,1,1
8,5963,53,9,2,1,1
11,2933,35,9,0,1,0
8,5598,54,7,1,0,1
13,5233,36,3,2,1,1
5,3980,45,5,3,1,1
12,9330,57,4,2,1,1
11,3855,37,7,4,1,0
6,5056,50,9,2,1,1
12,2792,29,2,4,0,0
5,2791,32,8,1,1,1
15,9691,58,9,2,1,1
16,3809,56,9,1,0,0
13,7390,19,7,1,1,1
13,8635,46,9,0,1,1
6,4255,58,9,1,1,1
11,5610,27,3,1,0,0
19,3607,19,4,2,1,0
18,7179,28,2,2,1,1
14,8573,30,3,3,1,0
7,2984,27,5,0,1,1
11,7776,31,5,1,1,1
16,5676,35,6,0,1,1
14,5380,26,7,4,1,0
13,2519,56,7,1,1,0
8,2590,45,1,0,1,1
16,3050,20,2,3,0,0
5,7805,37,9,3,1,1
6,5633,23,2,1,1,1
5,8131,44,6,4,1,1
18,8342,19,1,3,0,0
16,8530,46,3,3,1,0
9,6444,55,2,4,0,1
9,2959,20,3,0,0,1
15,8059,33,5,3,1,0
11,2692,47,6,2,1,0
13,7655,57,9,3,1,0
13,5899,19,4,0,0,0
7,6473,34,7,0,1,1
7,4946,58,6,1,0,1
7,9059,29,2,2,1,1
8,9725,52,8,0,1,1
12,2526,18,7,4,1,0
10,5224,32,7,2,1,1
12,8877,43,8,2,0,0
5,4253,54,1,4,1,1
12,8598,38,1,3,0,0
8,5344,48,8,4,1,1
15,5965,42,4,4,1,0
5,7355,40,5,3,0,1
12,3875,41,8,3,1,0
8,3763,55,5,3,1,1
10,2520,45,4,3,0,0
12,7797,38,6,3,0,0
8,3016,35,5,4,0,1
18,9099,53,7,1,1,1
7,9998,52,7,1,1,1
18,8869,26,4,0,0,0
13,7109,55,5,1,0,0
7,8644,47,3,1,1,1
13,2116,51,4,4,1,0
17,4433,49,4,3,1,0
6,7463,20,3,3,1,1
18,2583,20,5,4,0,0
6,2394,45,5,1,1,1
6,7183,32,7,4,1,1
10,5788,58,4,0,0,0
7,4768,40,4,3,1,1
17,6167,57,9,2,1,1
13,5860,28,6,0,1,1
8,2273,49,4,0,0,1
5,4013,53,2,4,1,1
8,7439,50,6,1,1,1
5,6433,41,2,3,1,1
18,3389,56,5,2,1,0
9,5566,51,6,0,0,1
8,6702,45,4,2,0,1
12,2165,54,3,1,1,0
12,3567,24,7,1,0,0
11,8154,21,2,2,1,1
7,7420,54,6,3,1,1
5,2728,18,4,1,1,1
5,8944,18,6,2,1,1
16,4043,37,4,0,1,1
15,6197,36,4,2,0,0
7,5496,46,4,2,1,1
10,7511,27,9,4,1,0
11,2778,35,7,1,1,0
10,2213,45,3,3,0,0
18,5762,52,3,3,1,0
18,7207,48,6,4,0,0
10,3576,44,6,3,0,0
10,4448,28,4,2,0,0
17,8731,55,9,4,1,0
7,4936,22,4,0,0,1
10,5117,25,9,1,0,0
12,7791,51,4,1,0,0
15,9630,29,2,1,0,0
15,2591,55,2,2,1,0
6,7429,18,5,0,0,1
9,7205,48,4,4,0,1
18,8235,21,7,4,1,0
5,9827,22,5,1,1,1
16,4720,47,6,0,1,1
19,2713,41,4,0,1,0
5,2935,20,2,0,0,1
9,8047,28,9,3,1,1
16,6337,21,7,3,0,0
17,8139,43,4,1,1,1
7,2001,44,3,0,1,1
8,8368,44,3,0,0,1
7,4848,59,9,4,1,1
5,7864,23,5,4,1,1
5,6044,32,3,1,1,1
16,3949,47,5,0,1,0
16,8732,59,2,1,1,1
18,8259,54,4,4,0,0
17,9833,54,2,4,0,0
18,2917,59,2,3,1,0
9,5174,54,8,1,1,1
10,4241,52,1,1,1,1
7,9333,40,7,0,1,1
16,9014,23,5,0,1,1
13,2089,21,8,3,1,0
9,3709,35,1,2,1,1
12,4169,26,7,2,1,1
17,6238,46,5,2,1,1
5,5041,30,4,1,1,1
18,2105,34,7,1,1,0
9,2886,49,2,4,0,1
19,2427,39,1,1,1,0
7,7424,21,1,1,1,1
16,3895,22,1,1,1,0
5,8090,54,5,3,1,1
8,2316,58,7,1,1,1
19,8082,30,2,0,0,0
17,2634,51,8,0,1,0
9,3925,39,4,4,1,1
11,4056,40,3,3,1,0
5,8917,20,8,0,0,1
7,5144,59,2,3,1,1
6,9526,51,3,3,1,1
13,4270,49,3,4,1,0
14,3439,38,1,3,1,0
19,2552,38,6,1,1,0
10,9537,28,2,3,1,0
14,2715,56,1,4,1,0
7,7383,21,2,4,1,1
12,5911,18,6,4,0,0
18,3713,45,4,0,1,0
12,7979,41,6,1,1,1
6,5389,52,9,0,1,1
19,3107,30,8,2,1,0
10,7437,51,1,1,0,0
11,6206,28,8,3,0,0
6,2250,53,9,4,1,1
19,4430,34,6,2,0,0
15,4054,52,5,1,1,1
14,2458,35,6,0,1,0
6,7203,57,6,4,1,1
14,2207,39,9,0,0,0
5,2899,41,4,1,0,1
12,5461,36,2,1,1,1
5,5385,54,9,2,1,1
13,2021,56,2,3,1,0
15,2409,38,9,0,1,0
10,2894,25,2,2,1,0
11,2514,45,8,4,1,0
17,9294,22,9,3,1,0
14,6904,34,9,2,1,1
11,9867,54,9,0,0,0
14,6969,53,2,1,0,0
7,6109,36,4,4,1,1
6,7066,44,7,0,1,1
13,9121,51,2,3,0,0
12,9157,28,1,3,0,0
17,9179,29,3,1,1,1
16,4134,38,4,1,0,0
14,5595,28,8,4,1,0
11,4956,56,6,4,1,0
13,3560,45,2,1,1,0
8,7420,22,9,1,1,1
17,3266,34,2,3,1,0
8,4169,37,5,1,1,1
5,9314,58,4,2,1,1
12,5638,29,7,0,1,1
18,2749,23,8,1,1,0
18,5427,34,5,4,0,0
16,6780,36,5,2,0,0
7,3927,43,2,4,0,1
11,5804,49,8,2,0,0
19,5702,23,2,1,1,1
16,4356,53,6,0,1,1
6,6790,55,8,4,1,1
6,4335,28,6,2,1,1
11,2306,50,4,3,1,0
19,9979,41,4,1,1,1
10,5665,40,6,0,1,1
7,3989,32,4,1,0,1
13,9057,44,8,3,0,0
14,9890,28,9,0,1,1
19,2661,34,1,3,1,0
18,6644,31,4,1,0,0
17,9519,44,4,2,0,0
10,2311,35,2,1,1,0
14,4920,45,6,1,0,0
14,3082,21,3,1,1,0
10,9810,24,7,4,1,0
5,4971,52,5,3,1,1
8,7833,26,4,3,1,1
14,2754,25,5,3,1,0
10,6130,34,8,4,1,0
19,6540,34,3,2,1,1
10,8236,50,7,1,1,1
15,8078,49,6,2,0,0
16,7326,25,1,4,1,0
9,2352,36,7,3,1,1
5,2902,55,7,1,1,1
12,7451,20,1,0,1,1
9,5888,22,9,0,1,1
16,9005,30,6,2,0,0
16,7844,48,2,3,1,0
16,2158,33,5,0,1,0
9,3977,49,4,2,1,1
11,2956,39,7,4,1,0
8,4071,46,8,2,0,1
10,2403,39,1,2,1,0
17,8948,20,5,2,0,0
8,6611,27,3,1,1,1
18,4779,59,1,2,1,1
19,3387,38,3,2,0,0
7,5453,33,6,1,1,1
11,8675,29,7,1,0,0
12,2955,19,8,4,0,0
8,8295,58,4,3,1,1
17,9729,41,3,0,1,1
6,3712,52,5,0,1,1
16,9090,47,9,2,1,1
14,6703,47,6,4,1,0
18,9784,52,9,2,1,1
7,8563,36,6,0,0,1
5,3273,25,2,1,0,1
12,9284,43,5,3,1,0
19,9009,57,9,4,1,0
7,7631,24,8,1,1,1
16,5811,47,7,3,1,0
14,4625,24,1,4,1,0
11,4382,20,4,4,0,0
14,3441,18,7,0,0,0
9,4979,53,7,1,1,1
14,3797,42,6,4,1,0
9,6390,54,8,4,1,1
18,6009,18,6,3,0,0
11,6850,32,3,0,1,1
19,3394,54,4,2,0,0
13,6281,30,3,0,0,0
16,3269,57,1,2,1,0
9,6732,25,5,1,0,1
5,7387,22,1,1,1,1
14,5714,26,1,4,0,0
14,9404,18,2,1,1,1
5,2529,53,4,4,1,1
19,5623,52,6,0,1,1
6,8164,19,8,1,1,1
18,4958,57,3,0,0,0
10,9904,40,1,0,1,1
13,4914,26,3,1,1,1
12,6889,51,3,0,0,0
17,5591,31,5,1,1,1
9,4147,21,4,1,0,1
5,8895,47,4,1,1,1
17,6573,48,9,2,1,1
11,7718,55,7,0,0,0
19,5369,28,4,3,1,0
9,2939,52,3,1,1,1
10,2525,25,6,0,1,0
17,8477,20,3,4,1,0
11,2001,31,6,1,1,0
7,2374,30,9,1,1,1
16,4340,49,6,3,1,0
14,8980,51,4,2,0,0
7,6005,36,5,2,1,1
9,5052,55,6,1,1,1
10,6648,33,3,0,1,1
13,4365,19,8,4,1,0
17,3525,57,4,4,1,0
18,7947,34,8,0,1,1
16,6476,51,3,1,1,1
9,3646,59,7,4,1,1
19,2013,33,9,2,1,0
5,6599,55,4,0,1,1
18,4278,19,8,3,1,0
18,8104,19,3,1,1,1
18,5155,43,7,0,0,0
8,2129,30,3,4,1,1
9,5814,48,7,1,1,1
16,6933,51,6,2,0,0
14,5216,56,2,1,0,0
14,4938,20,3,1,1,1
9,5928,25,6,2,1,1
11,4040,40,4,2,1,1
8,2027,31,6,1,0,1
5,4113,44,1,2,0,1
18,9330,46,1,0,1,1
18,3252,56,3,2,1,0
9,6356,56,8,2,0,1
11,4046,18,8,1,1,1
14,7568,34,4,0,1,1
14,7543,58,6,3,0,0
10,6555,47,8,3,0,0
9,6023,30,7,4,0,1
8,9843,38,7,2,1,1
6,6396,36,4,2,1,1
8,9062,36,9,0,1,1
19,5374,42,6,3,1,0
14,8430,39,3,4,1,0
14,5466,48,5,0,1,1
7,5081,34,5,2,1,1
14,5778,40,5,3,0,0
5,2629,49,8,4,1,1
12,2269,27,9,1,1,0
9,4639,27,9,3,1,1
17,3993,53,6,4,1,0
8,7724,25,6,0,0,1
12,7897,37,9,1,1,1
11,4891,49,4,4,1,0
6,6957,31,6,4,1,1
5,5432,45,4,2,1,1
16,3280,41,1,3,1,0
15,8276,32,7,2,1,1
8,9443,39,6,1,1,1
12,7895,47,9,4,1,0
16,7802,21,7,2,1,1
6,9115,30,7,3,1,1
7,8656,40,2,1,1,1
16,4360,25,9,0,1,1
5,2575,35,9,2,0,1
5,9029,29,6,1,0,1
17,8099,48,3,0,1,1
7,3307,31,1,2,1,1
15,5192,51,4,1,1,1
9,5178,35,3,1,1,1
16,8052,51,1,2,0,0
7,4734,28,3,1,1,1
5,8116,58,4,4,1,1
5,9371,29,8,2,1,1
12,4212,32,9,1,1,1
14,4352,48,3,0,1,1
15,5568,46,6,0,0,0
16,3655,43,5,4,1,0
17,3579,35,6,2,0,0
17,7943,49,4,1,1,1
16,4203,39,6,1,1,1
19,3390,55,7,0,1,0
18,3742,34,9,4,1,0
6,3925,40,7,0,1,1
17,2619,41,6,0,1,0
7,3274,25,1,4,0,1
6,2956,58,2,2,1,1
7,3939,23,1,1,1,1
11,5953,22,9,2,1,1
5,4381,46,9,3,1,1
14,9809,45,7,3,0,0
12,2968,28,2,3,0,0
17,8654,18,6,4,1,0
14,3316,36,4,0,1,0
14,3043,26,1,2,1,0
14,2281,44,1,1,1,0
18,4844,51,5,3,0,0
6,9168,21,2,2,1,1
7,8262,53,4,3,0,1
13,3058,35,1,3,1,0
11,6293,32,4,1,0,0
8,4532,30,6,4,1,1
14,5828,36,4,0,0,0
9,7178,23,1,4,1,1
6,8980,29,7,2,1,1
17,7280,54,2,4,1,0
15,3008,34,9,2,1,0
17,8834,40,3,2,1,1
12,3229,43,8,0,0,0
8,3035,46,8,1,1,1
13,6585,50,3,0,1,1
9,2275,44,4,4,0,1
17,4740,42,2,2,0,0
13,4289,27,4,3,1,0
8,3239,40,9,3,1,1
14,7370,38,2,2,1,1
9,9978,38,3,0,1,1
13,2125,30,4,1,0,0
12,6065,54,5,0,0,0
7,6312,50,1,2,1,1
5,9473,41,7,2,0,1
7,5868,28,7,1,1,1
8,3208,34,9,4,1,1
6,9206,21,4,4,0,1
5,7342,42,6,1,1,1
11,9351,47,2,4,0,0
12,8638,26,4,3,1,0
11,8570,38,2,4,0,0
18,5249,37,5,4,1,0
9,2918,36,7,4,1,1
16,9595,36,1,3,1,0
5,7413,29,7,4,1,1
11,5923,54,6,3,0,0
17,8294,59,6,1,1,1
11,8527,34,8,0,1,1
13,7757,54,8,1,1,1
7,9980,56,6,0,0,1
13,6403,45,3,1,1,1
18,7455,58,5,0,0,0
5,3969,52,2,0,1,1
5,4793,35,5,2,0,1
18,2891,31,9,0,1,0
8,6470,52,1,0,0,1
13,9175,58,5,2,1,1
10,4033,24,6,4,1,0
17,3364,58,7,4,0,0
15,2128,30,9,2,1,0
7,3014,35,6,3,0,1
5,3799,54,5,0,1,1
8,8812,30,7,0,1,1
16,9519,53,1,2,1,1
17,7477,48,5,2,1,1
13,6612,19,2,3,0,0
7,3518,33,4,4,1,1
16,6181,26,7,1,0,0
13,3198,26,5,4,1,0
11,5873,55,6,0,1,1
16,9360,28,2,2,1,1
18,8454,39,3,3,0,0
19,7238,50,7,4,1,0
8,9385,53,2,3,1,1
7,4474,40,6,4,0,1
14,8089,51,5,0,1,1
19,5485,26,1,1,1,1
9,8257,41,4,3,1,1
9,6049,25,2,3,1,1
7,9312,24,4,1,1,1
16,9705,53,1,3,0,0
13,5719,35,2,3,1,0
8,2302,20,8,4,0,1
15,8887,45,6,4,1,0
9,5952,23,2,1,1,1
8,6683,38,6,0,1,1
9,2986,45,9,3,1,1
11,3863,57,7,0,0,0
13,6440,18,9,1,1,1
11,6909,53,5,1,1,1
17,8083,38,7,4,0,0
9,8944,52,7,3,1,1
14,5072,30,3,2,1,1
14,9314,27,7,1,1,1
11,7406,27,1,3,0,0
18,8095,30,9,0,1,1
19,7773,54,6,4,0,0
14,5124,55,5,0,0,0
9,3327,41,7,1,0,1
7,7188,19,5,1,0,1
11,4408,39,5,0,0,0
17,5673,34,7,1,1,1
15,5291,53,7,3,1,0
15,6033,31,3,1,0,0
6,7105,27,3,4,0,1
19,2703,52,3,3,1,0
16,2574,42,6,2,1,0
13,7704,20,6,1,0,0
14,5232,55,3,1,0,0
14,9848,34,3,4,0,0
16,7208,29,8,4,0,0
5,6783,41,8,0,0,1
17,8924,46,7,0,1,1
10,4632,42,4,0,0,0
11,5828,53,4,4,1,0
18,8732,43,3,0,0,0
17,5230,55,5,0,1,1
12,2488,18,3,2,1,0
14,9114,37,8,0,1,1
13,3347,45,7,1,1,0
6,5681,33,3,4,1,1
15,9548,34,9,3,1,0
14,5173,57,5,2,1,1
6,6589,45,9,4,1,1
9,3667,29,7,4,1,1
17,3637,44,7,1,1,0
9,6114,59,6,0,1,1
10,9621,47,2,1,1,1
7,5553,58,9,0,0,1
12,9761,51,6,0,0,0
17,8540,54,8,4,1,0
5,3000,23,1,0,0,1
10,9446,24,5,2,1,1
8,2850,49,1,2,0,1
5,3388,49,8,2,1,1
19,7450,42,8,4,1,0
11,5712,50,1,1,1,1
13,3367,24,9,3,1,0
17,2821,29,2,0,1,0
8,2454,33,9,3,1,1
8,3624,33,1,1,1,1
10,4772,53,9,1,0,0
16,5726,30,4,4,1,0
19,9232,24,9,2,1,1
7,5147,53,7,2,1,1
17,6089,26,6,1,1,1
16,6806,49,5,4,1,0
10,4190,28,9,4,0,0
11,2916,25,2,0,0,0
15,5986,50,2,2,1,1
14,4875,40,9,1,1,1
14,8748,42,3,3,1,0
7,7592,25,8,2,0,1
11,3440,39,9,0,1,0
18,6400,21,8,4,1,0
7,2735,57,4,1,1,1
17,5568,20,1,2,0,0
17,8434,46,4,3,0,0
6,8059,58,9,0,0,1
16,8245,46,2,0,0,0
18,8105,51,3,2,0,0
14,5338,51,8,3,0,0
8,9010,45,6,0,1,1
16,5015,30,8,1,1,1
12,9789,32,7,0,1,1
17,9117,40,5,3,0,0
19,4889,43,9,4,1,0
13,2961,21,4,4,1,0
11,4989,43,6,2,0,0
5,5848,57,2,3,1,1
7,3026,26,2,0,0,1
17,8228,22,2,0,1,1
16,5865,49,7,4,1,0
18,8471,37,2,4,1,0
13,4863,28,2,1,1,1
19,7569,32,9,4,1,0
16,4501,49,7,1,1,1
5,3947,45,3,0,1,1
13,8772,39,3,1,0,0
12,9388,58,7,1,0,0
5,3177,34,5,2,1,1
10,6760,43,6,4,1,0
9,2011,24,8,1,1,1
10,7252,59,9,0,0,0
14,6399,43,1,3,1,0
16,5364,42,3,1,0,0
17,5022,27,7,4,1,0
17,5371,36,6,2,1,1
17,7859,28,7,0,1,1
19,4830,30,8,2,0,0
9,2042,25,6,3,1,1
10,2943,57,3,1,1,0
9,4390,21,2,1,1,1
15,7445,48,7,4,1,0
16,9981,45,1,1,1,1
9,4545,28,3,0,1,1
8,4411,18,4,3,1,1
7,6986,55,1,2,0,1
7,8570,41,5,3,1,1
8,3004,48,3,1,1,1
13,2020,58,2,2,0,0
6,2406,43,3,4,0,1
19,8762,22,8,3,1,0
13,3014,37,6,2,0,0
5,6431,58,7,2,1,1
18,3838,28,6,2,0,0
19,5188,50,6,0,1,1
19,7243,55,3,3,1,0
5,8542,44,8,2,1,1
9,8936,51,7,3,1,1
10,7923,32,7,2,1,1
10,2714,49,6,4,1,0
7,6146,38,5,4,0,1
11,5854,22,8,4,0,0
13,6419,23,5,1,0,0
15,6884,55,9,2,1,1
16,2140,39,9,1,0,0
14,6565,35,1,3,0,0
12,6882,31,6,1,1,1
10,7921,27,7,3,1,0
16,7453,30,3,3,1,0
12,8012,48,7,3,0,0
16,2963,47,7,1,0,0
9,9151,20,2,2,1,1
12,2372,47,7,1,0,0
14,5635,23,1,2,1,1
16,4541,46,5,2,1,1
8,5610,25,9,3,1,1
14,3692,50,7,1,0,0
12,8894,34,7,2,1,1
14,7275,28,2,4,1,0
16,8434,30,8,2,1,1
6,7767,28,3,4,1,1
16,9311,48,8,1,0,0
16,2105,45,3,1,0,0
9,7539,23,7,1,1,1
13,8813,58,2,2,1,1
8,3681,33,4,0,1,1
15,6097,21,6,2,1,1
10,6016,52,9,2,1,1
19,4636,43,5,3,1,0
5,8787,29,9,3,1,1
13,4137,28,5,2,0,0
5,5416,54,8,4,1,1
9,6445,42,1,3,0,1
8,5530,35,7,2,1,1
17,3286,36,4,0,1,0
16,9518,40,5,4,1,0
17,5179,55,6,1,0,0
17,9753,35,5,2,1,1
18,7158,43,1,2,0,0
7,9052,23,9,4,1,1
17,8302,21,2,3,0,0
10,5654,46,9,3,1,0
6,9102,51,2,3,1,1
7,4359,34,9,1,1,1
9,9408,33,6,4,1,1
19,2444,19,9,4,0,0
13,8441,51,6,3,0,0
6,7047,25,6,3,1,1
14,2035,30,2,0,1,0
12,7203,59,8,0,0,0
18,3475,25,3,2,1,0
6,5957,47,7,2,1,1
15,3798,49,5,4,0,0
17,3845,53,3,4,0,0
9,3408,47,1,1,0,1
11,7291,18,8,1,1,1
12,7495,56,3,0,1,1
5,3708,34,2,2,1,1
10,7481,37,1,0,1,1
5,8702,41,4,0,0,1
6,4938,39,8,2,1,1
19,8284,46,3,1,1,1
5,9030,39,1,2,0,1
15,9285,26,4,3,1,0
9,3300,54,9,3,1,1
14,8869,27,1,3,1,0
19,3243,53,2,4,1,0
13,5976,54,9,1,0,0
10,5097,45,2,1,0,0
15,6616,45,3,4,1,0
15,7902,59,7,0,0,0
5,2009,38,3,3,1,1
17,7079,41,9,3,1,0
5,4425,59,6,0,1,1
6,7752,57,3,2,1,1
13,3660,19,9,2,1,0
7,8825,25,1,1,1,1
19,4631,44,3,4,1,0
5,8295,39,1,1,0,1
9,6815,54,2,2,0,1
11,3072,44,8,0,1,0
10,5225,46,7,1,0,0
16,6954,20,2,3,0,0
5,3316,30,2,3,0,1
9,7699,27,9,0,1,1
19,6145,53,6,2,1,1
9,8807,26,5,3,0,1
10,8674,44,6,3,1,0
7,5683,51,9,4,1,1
9,9227,18,7,1,0,1
11,9334,49,9,2,1,1
9,5273,42,4,1,1,1
9,9000,46,2,2,1,1
9,2145,24,8,3,1,1
14,7010,20,4,4,0,0
14,9843,37,9,1,1,1
7,5040,37,4,3,0,1
5,3462,47,8,2,1,1
9,8385,52,9,1,1,1
18,6676,52,9,1,1,1
13,8830,56,4,3,0,0
18,3584,44,1,1,1,0
5,2482,43,3,4,1,1
7,5179,31,9,4,1,1
17,3249,34,4,3,1,0
17,6768,35,5,2,1,1
8,2630,46,7,3,1,1
18,8804,37,5,4,1,0
5,2661,44,4,0,1,1
5,5503,35,2,0,1,1
12,4852,21,2,1,1,1
6,9822,18,4,1,0,1
16,4466,18,9,0,1,1
19,2987,43,8,4,1,0
12,9622,37,3,1,0,0
11,9327,40,9,3,1,0
14,3546,27,5,3,1,0
14,2649,28,3,4,1,0
6,2968,58,5,1,1,1
10,4637,58,4,3,0,0
10,3100,22,8,1,0,0
7,8652,18,5,1,1,1
15,2440,34,8,3,0,0
6,9421,39,9,0,0,1
16,7016,51,4,3,1,0
5,2769,58,7,4,1,1
10,3343,46,2,2,1,0
16,7922,21,6,3,1,0
9,6358,22,8,1,0,1
18,9764,28,7,1,0,0
18,5729,38,7,3,1,0
15,5906,52,8,2,1,1
13,3577,29,7,3,0,0
5,9541,43,5,2,1,1
19,8780,36,7,2,0,0
19,9334,24,3,4,1,0
11,6008,24,5,1,0,0
19,9920,43,7,1,0,0
9,8602,57,9,2,0,1
9,7094,22,2,1,1,1
18,5351,38,4,0,1,1
6,6795,31,7,2,1,1
15,4349,21,1,1,1,1
7,5602,40,2,0,1,1
11,7699,59,9,4,0,0
10,3241,37,7,1,1,0
16,3125,32,7,0,1,0
6,4601,46,6,3,1,1
10,8431,25,3,3,0,0
6,3190,58,3,0,1,1
6,8764,36,2,2,0,1
6,7101,56,6,2,1,1
18,6131,45,4,1,0,0
19,6839,44,5,3,1,0
15,7860,21,3,2,1,1
7,6448,32,6,2,1,1
19,9843,52,3,3,1,0
6,8018,54,8,4,1,1
8,2072,18,9,2,1,1
13,8791,20,4,0,1,1
10,7472,41,9,1,1,1
5,3914,44,7,2,1,1
12,7189,57,3,2,0,0
19,4472,53,7,4,1,0
16,5046,51,1,0,1,1
18,2707,46,3,1,1,0
11,3804,41,6,2,1,0
14,8704,41,4,1,1,1
7,8971,59,7,3,0,1
5,5713,21,3,2,0,1
9,7051,20,1,2,0,1
17,4564,51,9,3,1,0
8,4475,40,6,4,1,1
14,5610,40,8,2,1,1
12,6255,22,3,1,1,1
5,8292,48,8,0,0,1
14,4823,58,2,1,1,1
5,9397,23,4,4,1,1
16,3735,54,3,0,1,0
8,3585,27,1,1,1,1
12,2066,57,7,1,1,0
9,5061,24,2,3,1,1
6,9979,56,4,4,1,1
10,4428,55,9,3,0,0
9,6153,38,6,0,0,1
6,9426,37,8,3,1,1
17,2341,20,2,4,1,0
18,7249,39,7,2,1,1
15,4774,21,6,2,1,1
15,7291,45,9,0,1,1
15,4817,29,7,2,0,0
7,4661,55,1,3,1,1
19,3232,53,8,0,1,0
13,5874,58,3,4,0,0
11,4401,22,2,0,1,1
11,3494,30,3,0,1,0
19,7917,40,6,1,1,1
15,6211,47,3,1,1,1
10,9431,54,5,0,1,1
12,2661,42,6,2,1,0
8,5883,44,8,1,1,1
12,7561,31,7,4,1,0
8,5619,53,8,3,0,1
12,8596,56,3,1,1,1
13,3868,33,4,0,0,0
7,9644,39,6,2,0,1
7,4334,38,7,3,1,1
15,5374,38,9,1,0,0
17,3016,25,1,2,1,0
6,6406,33,8,2,0,1
17,2207,48,8,2,1,0
14,4665,59,6,0,0,0
7,4493,27,4,4,0,1
7,8813,49,3,2,0,1
9,2632,51,3,3,1,1
9,4102,26,6,1,1,1
6,4959,34,8,3,0,1
16,5083,28,7,0,1,1
14,6752,49,1,0,1,1
17,7519,27,6,3,1,0
10,3931,39,7,4,1,0
9,5719,34,7,0,1,1
10,9123,21,9,0,0,0
5,4562,42,5,3,1,1
9,3679,38,1,0,1,1
13,9709,54,2,4,1,0
16,2236,55,4,4,0,0
14,9446,18,5,4,0,0
18,6443,42,9,1,1,1
6,8770,53,1,4,1,1
5,9271,34,3,4,1,1
18,6725,58,5,1,1,1
14,3540,41,3,2,0,0
17,8099,19,4,0,1,1
15,5943,57,3,4,1,0
13,7367,32,4,0,1,1
14,2363,49,1,3,0,0
13,4368,56,8,0,1,1
19,9800,23,4,1,1,1
13,2285,18,7,0,0,0
10,2148,40,2,0,1,0
19,7203,56,2,0,1,1
12,6037,34,6,2,0,0
18,8549,51,2,2,1,1
15,9121,58,6,3,1,0
19,6551,46,2,1,1,1
17,3766,26,4,0,1,0
5,6895,30,7,0,1,1
14,7280,23,8,0,0,0
8,3012,23,3,0,1,1
5,4831,37,9,2,1,1
12,4507,20,2,3,1,0
5,9717,34,8,4,1,1
7,3523,29,8,1,0,1
17,4785,18,4,0,1,1
8,4556,34,1,3,1,1
19,5725,20,1,4,0,0
19,9971,43,2,3,1,0
19,6576,32,9,2,1,1
12,7782,53,2,4,1,0
10,8257,49,2,3,0,0
18,8892,49,6,2,1,1
14,3601,21,7,3,0,0
16,4408,35,7,3,0,0
11,2340,36,9,4,1,0
18,4817,52,6,2,0,0
12,8106,57,8,0,0,0
6,8904,31,6,1,0,1
17,9112,50,2,4,0,0
14,4496,31,1,2,0,0
18,7962,51,5,3,1,0
15,6930,21,9,2,0,0
12,7299,41,8,1,0,0
7,3725,46,4,1,0,1
11,9574,36,5,0,1,1
7,3689,23,5,0,1,1
19,5267,50,6,1,1,1
11,9633,57,3,4,1,0
18,6406,36,5,4,1,0
15,2261,18,2,3,1,0
19,3442,22,1,0,0,0
16,2405,44,1,3,1,0
17,4190,33,7,0,1,1
6,6437,23,2,1,1,1
14,7435,57,4,4,0,0
10,9268,30,5,4,1,0
7,2243,52,7,1,0,1
7,6585,36,2,3,0,1
19,6107,29,6,3,1,0
13,9406,33,1,2,1,1
11,2560,27,7,0,1,0
9,6137,42,9,3,1,1
16,4725,37,5,1,0,0
14,2593,48,5,3,0,0
11,7548,21,4,4,0,0
13,3826,40,3,0,1,0
5,5229,19,9,2,0,1
11,5287,39,5,0,0,0
10,6073,54,8,4,1,0
14,7789,25,9,4,0,0
18,9629,24,5,4,1,0
16,2133,31,9,4,1,0
13,5138,20,2,1,1,1
5,5919,33,9,2,1,1
17,9174,36,4,4,1,0
8,7043,35,6,4,0,1
13,9693,33,6,3,1,0
8,2072,25,6,2,1,1
14,6494,50,2,0,0,0
7,7524,29,7,2,0,1
13,9842,28,6,2,1,1
17,8721,22,1,2,1,1
6,9002,44,2,4,1,1
19,6225,29,7,4,1,0
8,4978,34,1,1,0,1
19,9633,23,1,0,1,1
10,9373,50,1,3,1,0
6,7907,22,8,2,0,1
19,8097,45,4,0,1,1
12,9935,31,4,0,1,1
12,6361,22,2,1,1,1
5,7656,50,1,3,0,1
16,3985,58,9,2,1,0
7,2792,36,7,3,1,1
14,8396,39,4,1,1,1
13,8965,22,6,4,1,0
9,7408,19,2,0,0,1
10,6259,47,7,2,1,1
8,2094,56,2,4,1,1
14,7901,21,8,1,0,0
6,8976,50,8,3,1,1
15,3133,30,1,0,1,0
12,8479,37,8,2,1,1
15,6917,24,2,4,0,0
17,2237,32,6,4,1,0
10,8524,40,1,0,1,1
9,9603,31,5,3,1,1
13,4946,40,7,1,1,1
5,4530,36,1,3,1,1
9,3960,46,2,3,0,1
10,9045,37,7,3,1,0
9,3048,46,6,0,1,1
10,7772,41,3,0,1,1
10,9284,35,2,1,0,0
11,4529,27,4,3,1,0
8,9559,58,3,0,1,1
18,4964,25,7,1,1,1
15,9137,43,8,1,0,0
18,2963,46,2,3,0,0
18,2536,27,7,2,1,0
18,9246,34,8,3,0,0
19,7699,19,6,2,1,1
12,9340,23,6,1,0,0
11,8075,22,1,0,1,1
13,9179,45,4,4,1,0
11,9967,58,1,1,1,1
7,6223,22,4,0,1,1
7,5679,35,2,1,1,1
19,6187,43,5,3,0,0
12,5724,37,9,2,0,0
9,2542,58,3,1,1,1
8,2845,44,8,0,1,1
12,5603,29,3,3,1,0
19,7777,24,6,4,1,0
10,5036,20,4,3,1,0
6,7947,27,8,2,1,1
8,4494,51,6,3,0,1
16,6485,42,8,4,1,0
15,4719,52,1,0,1,1
8,3884,33,6,1,1,1
19,6138,19,1,2,1,1
10,6349,41,1,4,1,0
10,5201,27,8,2,1,1
5,7179,55,7,3,1,1
18,4710,39,3,2,0,0
12,8610,43,6,4,0,0
10,8430,56,9,1,1,1
7,9154,44,7,1,1,1
18,7636,46,3,2,1,1
13,9634,55,6,0,0,0
6,3953,37,4,2,0,1
19,8921,44,3,3,1,0
15,8488,58,9,1,1,1
12,6737,37,2,1,1,1
14,8525,36,1,1,1,1
7,5850,37,2,0,0,1
17,2689,52,7,0,1,0
16,7372,19,1,4,1,0
9,3950,47,6,2,0,1
10,7175,51,7,2,1,1
14,7582,39,9,3,0,0
10,2456,20,8,1,0,0
8,7078,23,6,0,0,1
7,4130,32,3,3,0,1
8,5976,44,8,3,1,1
5,7218,27,7,0,1,1
8,6244,26,3,2,1,1
5,7448,50,9,1,1,1
16,3179,49,2,2,0,0
19,6285,23,3,3,0,0
5,5565,58,2,1,1,1
14,2882,53,1,4,1,0
18,8406,19,4,3,0,0
10,9247,46,5,2,1,1
9,2399,21,6,2,1,1
18,8907,18,5,2,1,1
15,2608,36,1,0,1,0
19,9427,43,3,3,0,0
8,7891,42,1,1,1,1
17,3638,27,5,2,0,0
15,7671,32,5,2,1,1
7,8928,39,6,0,0,1
5,4148,38,8,1,1,1
10,3382,39,1,3,0,0
6,3403,53,4,4,1,1
12,2819,51,1,0,1,0
14,5292,47,9,3,1,0
9,2819,42,7,4,1,1
11,2419,45,7,2,1,0
14,6219,18,5,2,1,1
16,6517,21,7,1,1,1
6,5302,24,2,4,1,1
17,9857,26,4,2,1,1
12,9230,53,7,2,1,1
6,3508,36,3,1,1,1
8,9795,18,2,3,1,1
5,9870,27,2,2,1,1
19,7693,53,1,0,1,1
9,2767,26,5,0,1,1
13,4044,59,6,3,0,0
5,8626,49,6,4,1,1
13,8662,49,9,1,1,1
15,8298,23,4,0,1,1
19,4139,55,1,0,1,1
12,5029,34,6,3,0,0
10,3549,27,5,4,1,0
11,8598,44,6,4,1,0
7,3764,52,3,3,1,1
18,8140,38,2,0,0,0
19,4645,42,6,1,1,1
5,5716,45,1,0,1,1
9,6605,32,7,4,0,1
18,7302,21,7,0,1,1
16,6481,46,7,1,0,0
16,7693,26,1,2,1,1
6,9898,44,4,0,0,1
18,8548,43,7,3,0,0
9,4293,36,9,2,1,1
12,6837,45,5,3,0,0
15,9758,34,2,3,0,0
13,4708,58,7,3,1,0
6,8793,59,1,0,1,1
16,9638,37,7,4,1,0
7,9993,57,6,2,1,1
7,8007,56,7,1,1,1
5,7542,40,3,4,1,1
12,2900,49,3,0,0,0
10,8208,50,7,3,0,0
16,5084,22,2,1,1,1
17,8356,51,1,2,1,1
12,4009,57,9,4,1,0
15,2241,28,9,4,1,0
13,8636,20,7,1,1,1
9,9380,50,7,0,0,1
18,9860,28,3,2,0,0
16,4385,33,2,1,1,1
18,8116,35,7,3,1,0
7,6268,47,9,2,1,1
9,2671,27,1,4,0,1
9,2163,35,4,1,1,1
9,2464,55,6,4,1,1
7,5042,36,7,4,0,1
15,6592,53,7,4,1,0
18,6795,30,2,0,1,1
14,4442,20,4,4,1,0
18,6798,27,5,3,1,0
8,8036,55,1,3,0,1
13,4355,18,1,2,1,1
17,7887,44,3,4,0,0
14,6278,25,3,4,1,0
13,6724,59,8,1,1,1
6,9961,34,9,0,1,1
12,4557,26,1,2,1,1
12,7827,23,2,4,1,0
11,2545,42,2,1,1,0
12,7683,56,4,0,1,1
18,6719,45,2,2,1,1
7,5835,50,7,2,1,1
17,2593,54,9,4,1,0
10,6839,26,7,2,1,1
5,9394,35,6,1,1,1
11,7864,38,1,2,1,1
19,5804,19,9,3,0,0
19,3459,55,5,1,0,0
5,8044,57,5,0,0,1
13,5493,53,6,0,1,1
5,4601,54,9,4,1,1
5,8164,32,8,4,1,1
19,8697,45,8,3,1,0
11,4444,35,8,0,1,1
6,4672,51,1,0,1,1
18,6200,39,1,0,0,0
9,8335,28,8,0,0,1
12,2016,30,5,2,1,0
12,5191,21,9,1,1,1
7,2392,39,2,1,1,1
11,2424,24,9,3,0,0
7,8272,41,8,2,1,1
10,9297,21,9,0,0,0
10,2571,45,4,0,0,0
7,5631,32,1,4,0,1
11,8172,18,1,4,0,0
7,3120,20,5,3,1,1
12,9177,31,2,0,0,0
14,2241,55,8,3,1,0
8,5897,18,5,2,1,1
19,6095,55,5,1,0,0
19,4279,55,2,0,0,0
17,2788,38,7,2,1,0
5,9451,46,8,0,0,1
8,2714,22,1,4,1,1
18,6854,27,2,3,1,0
11,4849,45,4,4,0,0
15,2775,38,5,1,1,0
8,6026,24,2,4,0,1
17,8869,20,1,0,1,1
10,4247,37,9,4,1,0
13,9088,36,1,0,0,0
5,2078,52,4,1,0,1
17,9099,21,2,4,1,0
9,5926,22,4,3,1,1
15,2855,18,8,3,0,0
11,9340,21,8,3,1,0
5,8610,29,9,4,1,1
18,8724,44,5,4,1,0
8,7535,59,7,4,0,1
10,9083,40,3,0,1,1
6,8592,42,4,1,1,1
14,8230,38,9,3,0,0
9,4148,41,1,0,1,1
15,3031,42,2,3,1,0
14,6940,49,5,0,1,1
5,5271,49,3,4,0,1
10,5576,22,2,3,1,0
10,6182,53,1,4,1,0
17,8186,59,3,3,1,0
19,5456,59,1,2,1,1
19,9788,56,1,0,1,1
8,5506,33,1,2,1,1
17,2407,50,8,0,0,0
12,9650,38,3,1,1,1
8,4711,26,1,3,1,1
12,5088,23,7,1,0,0
19,3668,52,3,1,1,0
17,2147,56,8,0,1,0
12,8420,39,4,2,0,0
9,6327,58,4,4,0,1
17,5897,22,5,0,0,0
19,3950,59,6,4,0,0
8,2365,40,7,1,1,1
16,9395,34,4,4,0,0
17,3674,29,8,2,1,0
6,6531,40,6,0,1,1
15,6494,33,1,2,0,0
19,7330,20,1,2,1,1
7,7510,47,9,0,1,1
7,4546,39,6,2,1,1
8,8683,26,8,3,0,1
8,2562,46,7,3,0,1
14,5562,54,6,3,1,0
15,4489,40,4,4,1,0
15,7380,30,7,2,1,1
9,2772,49,9,0,1,1
8,8493,40,7,0,0,1
15,4037,34,1,4,1,0
18,5423,57,9,0,0,0
14,4567,38,4,3,0,0
12,7439,19,3,2,1,1
10,8281,54,4,0,0,0
10,3573,23,4,0,1,0
12,5694,35,2,1,1,1
11,7087,47,1,1,0,0
19,8511,39,1,1,1,1
14,5291,50,8,2,1,1
18,9504,47,2,3,1,0
15,3246,34,5,3,0,0
16,5719,49,4,3,1,0
14,5839,59,8,2,1,1
17,2359,31,2,2,1,0
12,7016,27,9,1,0,0
18,4376,53,7,0,1,1
6,5009,51,7,4,0,1
13,8606,26,1,4,1,0
5,4993,59,2,0,0,1
19,2962,45,4,1,1,0
12,5632,28,4,0,1,1
16,3827,31,3,0,0,0
15,9549,56,7,4,0,0
16,8979,36,8,1,1,1
16,3613,32,2,2,1,0
8,3640,45,4,4,1,1
8,4216,41,3,2,1,1
9,6312,25,2,1,0,1
12,2377,26,6,0,1,0
9,6214,50,4,3,1,1
12,6285,50,6,3,1,0
19,8910,36,2,1,1,1
14,2369,20,4,3,1,0
5,7897,27,6,2,1,1
16,4196,57,5,3,0,0
19,5747,59,3,1,1,1
14,2651,18,8,1,1,0
13,7978,46,7,2,0,0
10,7607,51,3,3,1,0
7,2769,30,6,3,1,1
17,4421,18,4,0,1,1
18,2780,51,5,4,1,0
12,3716,46,5,1,1,0
13,8303,30,7,0,0,0
10,8494,46,5,1,1,1
15,5983,56,3,0,1,1
11,3311,41,5,4,1,0
5,5359,43,7,0,1,1
18,9035,34,5,1,0,0
9,7345,24,5,3,1,1
9,2522,30,9,1,1,1
14,2521,22,3,2,1,0
18,6878,43,6,2,1,1
8,4320,20,1,2,1,1
10,2935,24,5,2,1,0
11,9569,56,8,4,1,0
13,4230,18,5,3,1,0
5,6040,34,9,3,1,1
19,7784,42,6,1,1,1
10,6583,20,8,0,1,1
11,7946,32,8,1,1,1
7,6941,46,3,1,0,1
12,8267,49,7,1,1,1
19,9128,43,7,1,0,0
9,5697,33,6,3,1,1
19,4837,42,7,0,1,1
13,6083,45,2,1,1,1
9,4461,26,9,3,1,1
13,8099,18,1,1,0,0
14,7844,46,1,2,1,1
8,5243,39,3,1,1,1
13,5359,33,3,1,1,1
9,9602,58,1,4,0,1
14,2685,58,7,2,1,0
13,4160,24,4,0,1,1
7,9031,31,2,1,1,1
19,5988,46,5,0,1,1
8,6066,36,6,2,1,1
13,8265,36,9,1,1,1
14,3567,19,4,4,1,0
15,7341,58,2,3,1,0
10,9798,32,5,4,0,0
6,2038,20,3,4,1,1
11,4544,28,2,3,1,0
6,6875,47,1,3,0,1
15,3256,57,2,3,0,0
6,4990,35,6,1,1,1
15,9697,19,8,0,0,0
5,4196,49,3,0,1,1
15,5468,25,9,3,0,0
15,9165,39,9,4,1,0
16,4708,23,2,2,0,0
15,9805,29,8,3,0,0
7,8023,57,5,4,1,1
10,2301,53,4,4,1,0
12,9527,32,5,1,0,0
13,8381,45,4,1,1,1
11,2646,35,8,0,1,0
8,6758,19,4,0,1,1
10,8379,30,6,2,1,1
9,3759,32,2,2,1,1
12,8346,37,5,2,1,1
5,6351,46,6,2,1,1
5,2597,59,5,4,0,1
17,2661,46,2,4,1,0
19,6330,20,7,0,1,1
15,3368,36,4,1,1,0
10,4581,20,8,1,1,1
14,9003,31,7,3,1,0
16,5868,57,7,4,1,0
6,9948,21,9,2,1,1
9,5537,28,1,2,1,1
5,6865,48,6,3,1,1
11,8684,49,6,1,1,1
5,6308,44,6,2,1,1
8,6558,47,6,1,0,1
13,8579,19,7,3,1,0
5,2282,26,6,1,1,1
8,9729,45,1,1,1,1
10,5678,48,3,1,0,0
10,3486,51,2,2,1,0
16,6082,32,6,0,1,1
19,7526,42,8,4,1,0
17,6183,53,3,1,1,1
12,7163,25,8,1,1,1
5,2460,26,8,1,0,1
11,4325,54,5,0,0,0
5,5754,56,8,3,1,1
17,4468,49,6,2,1,1
18,3724,34,5,0,0,0
11,3376,52,9,1,0,0
7,4743,54,7,0,0,1
15,2514,36,8,0,1,0
12,2702,46,1,0,0,0
7,3653,24,2,3,1,1
18,4066,45,8,4,1,0
18,2022,26,9,2,0,0
17,4460,45,4,3,1,0
5,7149,23,9,3,0,1
17,7926,46,4,4,1,0
17,8251,34,9,3,0,0
18,9534,33,7,0,1,1
12,3304,40,2,0,1,0
7,9295,48,9,1,0,1
6,5300,20,4,3,0,1
5,7230,38,8,1,1,1
18,8279,43,7,2,0,0
7,2361,53,7,0,1,1
19,9353,59,8,2,1,1
6,5727,54,1,4,1,1
6,9751,39,5,0,1,1
10,8272,59,2,2,1,1
16,7995,29,2,4,1,0
5,3284,59,1,2,1,1
6,2514,30,5,4,0,1
18,2448,28,2,4,0,0
10,8019,33,4,0,1,1
7,9271,25,3,1,1,1
19,7602,57,3,4,1,0
8,7343,57,2,4,0,1
5,3855,19,6,0,1,1
12,6969,47,2,1,0,0
17,5562,47,8,3,0,0
11,4520,29,8,3,1,0
11,5081,27,5,1,0,0
7,3428,28,7,2,1,1
14,5967,32,4,0,1,1
14,8445,33,1,1,1,1
7,8374,34,2,3,1,1
18,7850,43,4,4,0,0
6,2922,19,1,3,0,1
16,5137,29,8,4,1,0
5,9080,43,9,0,1,1
11,4159,40,4,4,1,0
11,7132,35,3,1,0,0
16,7512,49,2,4,1,0
6,4547,55,5,2,1,1
11,4979,20,3,1,1,1
17,8741,55,7,0,1,1
12,4281,20,6,1,0,0
5,4649,47,1,2,0,1
13,2313,18,8,0,1,0
11,4613,47,2,3,1,0
7,5083,49,5,2,0,1
12,4256,45,9,0,1,1
11,8093,38,8,4,0,0
15,3037,30,2,1,0,0
19,7752,44,9,0,1,1
17,5489,53,5,1,0,0
12,9604,24,6,4,1,0
10,9544,39,3,0,1,1
13,9187,27,3,3,0,0
19,4634,56,8,2,0,0
9,5983,32,2,0,1,1
7,3778,32,2,4,0,1
7,9902,21,5,0,1,1
5,7110,49,6,1,1,1
16,7189,40,2,0,1,1
19,5895,23,5,3,1,0
12,9378,41,7,0,0,0
6,3124,37,8,2,0,1
7,2697,54,7,0,0,1
12,4179,37,8,1,1,1
18,9790,29,9,0,1,1
12,3404,50,5,3,0,0
18,7251,45,5,4,0,0
15,3043,25,4,0,1,0
8,3929,18,9,0,1,1
8,8679,54,5,2,1,1
9,3013,39,2,3,1,1
10,2226,23,8,4,1,0
9,9321,38,7,1,1,1
18,3828,49,8,0,1,0
19,9909,52,3,4,1,0
11,7588,32,4,1,1,1
6,6917,22,5,3,0,1
11,4023,23,6,3,0,0
14,6966,42,1,4,1,0
11,4452,57,4,1,1,1
5,8345,46,5,3,1,1
11,4085,24,7,4,0,0
9,9085,57,5,3,1,1
7,7891,30,1,3,1,1
17,6283,55,7,3,0,0
7,3080,35,8,2,1,1
8,7036,19,7,1,1,1
17,9187,25,4,4,1,0
16,4320,28,8,4,1,0
6,5190,50,5,1,1,1
6,4630,55,9,1,1,1
5,4563,44,5,1,1,1
19,5292,37,1,1,1,1
9,6621,29,9,0,1,1
8,5586,48,5,4,1,1
15,9895,44,6,0,0,0
14,9908,49,4,3,1,0
19,6431,27,6,3,1,0
6,8841,20,8,4,1,1
7,7174,44,3,3,1,1
11,8643,52,5,1,0,0
11,4947,48,2,0,1,1
16,5959,32,2,1,0,0
8,4813,33,7,3,0,1
9,4583,30,6,0,1,1
9,2161,52,4,1,0,1
10,9837,28,5,4,1,0
18,2593,38,1,1,1,0
13,8034,28,7,3,1,0
6,8302,47,8,0,1,1
9,5259,52,9,4,0,1
16,6155,39,8,0,0,0
7,4962,55,5,4,1,1
8,5888,48,3,0,1,1
14,5390,31,9,3,1,0
10,7997,41,6,4,1,0
16,8354,49,5,2,0,0
12,6501,53,3,0,1,1
5,2663,49,6,0,1,1
14,3132,32,3,1,0,0
18,7195,52,6,4,0,0
12,2541,20,4,2,0,0
15,7433,33,2,3,0,0
18,7093,22,8,1,1,1
11,7236,38,4,2,0,0
5,4974,27,9,4,0,1
6,2867,36,7,2,0,1
7,9871,42,2,0,1,1
5,4066,21,4,0,1,1
18,2431,46,5,1,0,0
13,9852,36,3,4,1,0
12,6835,19,9,4,0,0
6,7469,27,5,2,1,1
17,6278,42,2,1,0,0
13,8256,37,3,4,1,0
11,3206,36,9,0,1,0
13,4528,40,7,2,1,1
10,3169,41,2,3,0,0
10,2830,28,9,0,1,0
15,3651,51,4,1,1,0
18,3136,45,9,4,0,0
8,4810,22,2,0,1,1
14,2475,22,4,3,0,0
14,4810,38,5,3,0,0
17,3326,29,2,1,0,0
17,7066,21,1,0,1,1
6,9992,59,7,2,1,1
11,3019,37,1,0,1,0
9,7237,55,8,3,0,1
15,3836,42,3,1,1,0
10,6256,31,6,1,0,0
6,4448,28,7,2,1,1
9,6293,49,1,1,1,1
14,3283,28,6,1,0,0
8,2659,35,7,1,1,1
13,7871,44,6,1,1,1
10,7166,35,4,1,1,1
6,4010,40,1,3,1,1
5,2398,28,9,0,1,1
9,3733,38,4,4,1,1
13,7678,22,7,1,1,1
10,4125,40,7,4,0,0
14,4171,58,2,4,1,0
16,2074,42,1,3,1,0
11,8280,58,8,1,0,0
9,6697,27,8,4,0,1
14,5471,39,7,1,1,1
10,2836,36,8,2,1,0
9,7624,18,3,2,1,1
15,2499,24,2,2,0,0
13,7692,21,7,4,1,0
19,2137,18,8,2,0,0
10,4097,32,1,3,1,0
15,7890,57,9,3,1,0
12,7068,29,4,4,0,0
6,7738,39,4,1,1,1
16,5696,39,3,0,1,1
17,3885,34,6,1,1,0
13,8397,46,1,1,1,1
9,9797,31,6,1,1,1
11,8124,37,2,1,1,1
14,4757,50,9,0,0,0
17,5920,32,2,2,0,0
5,3900,29,7,1,0,1
14,4610,57,1,3,1,0
9,8900,37,7,4,1,1
16,5986,47,5,4,1,0
18,3449,55,8,3,1,0
14,2546,20,4,1,1,0
18,9469,45,7,0,1,1
6,7017,43,6,2,1,1
16,6676,47,5,4,1,0
10,7468,30,4,2,1,1
15,9999,30,7,0,0,0
5,8052,19,5,4,1,1
7,4003,54,5,2,0,1
9,4096,55,1,0,0,1
8,9060,19,2,2,1,1
7,9241,53,5,1,1,1
14,2703,43,3,0,1,0
17,8404,28,2,2,1,1
9,4403,25,4,1,1,1
15,9749,57,4,1,0,0
12,3625,39,4,0,1,0
15,5331,37,4,3,1,0
8,6733,25,3,4,1,1
5,8886,46,7,0,1,1
15,9462,57,9,1,1,1
11,7105,43,5,1,0,0
12,4978,47,4,0,1,1
7,6736,34,2,3,1,1
10,4839,37,2,4,1,0
6,5384,33,5,2,0,1
11,4659,24,7,0,1,1
19,3861,33,9,4,1,0
12,4856,44,7,4,0,0
10,7301,40,5,1,1,1
10,2685,41,6,2,0,0
9,7947,26,3,0,1,1
12,9531,52,5,1,1,1
5,6283,37,8,1,1,1
14,9736,54,1,3,1,0
8,9710,59,1,4,0,1
19,3619,34,7,0,1,0
8,7783,48,5,0,1,1
7,7080,25,5,0,0,1
7,6643,32,1,1,1,1
8,8868,48,9,3,1,1
15,9069,47,1,2,0,0
5,3431,37,5,1,0,1
18,2875,56,9,2,0,0
15,6713,29,4,3,1,0
17,4461,34,8,4,1,0
15,3365,59,6,0,1,0
6,3243,47,3,2,1,1
13,6998,46,4,1,1,1
14,2162,36,2,2,1,0
6,3974,28,1,4,0,1
9,5291,51,8,0,1,1
13,2269,24,1,2,1,0
13,2631,51,1,4,1,0
12,2905,37,4,1,1,0
5,5471,55,6,3,1,1
5,5253,41,9,1,1,1
13,4014,27,1,0,0,0
17,3641,49,7,1,1,0
15,9896,32,5,1,0,0
12,2204,54,8,1,1,0
14,2581,37,7,1,0,0
13,7675,20,4,0,0,0
11,2840,54,4,4,1,0
7,7932,57,6,2,1,1
7,7347,25,6,3,0,1
6,3719,57,9,2,1,1
9,7738,40,5,2,1,1
16,4643,57,8,3,0,0
16,4297,28,5,0,1,1
7,2874,25,2,3,1,1
18,7560,46,6,0,1,1
10,9700,47,9,2,1,1
6,8339,27,3,0,1,1
16,2689,56,1,4,1,0
7,6000,45,1,3,0,1
9,8106,53,3,4,0,1
16,9686,30,5,2,1,1
15,5141,49,3,3,1,0
15,8782,53,9,2,1,1
5,3422,54,8,4,0,1
17,8097,43,3,2,0,0
5,2671,39,9,3,1,1
14,9927,21,6,3,1,0
13,9370,48,7,2,0,0
11,3171,35,4,3,1,0
5,7591,55,4,3,1,1
19,5726,41,2,2,1,1
16,2943,40,5,4,1,0
18,8342,39,8,3,1,0
12,3449,19,7,3,1,0
7,5737,48,7,3,1,1
12,4539,28,6,3,1,0
19,5959,45,3,2,1,1
9,6991,49,5,4,1,1
5,8285,22,1,4,1,1
11,7432,55,7,0,1,1
9,6260,27,9,3,1,1
10,4361,57,1,3,1,0
10,8164,41,2,0,0,0
12,7201,52,3,4,0,0
13,5652,40,3,1,1,1
6,9298,34,8,1,1,1
13,5670,18,7,4,1,0
16,3753,48,6,3,1,0
19,9127,48,4,1,1,1
15,4352,59,9,2,1,1
14,3938,59,1,2,0,0
13,2370,51,2,0,1,0
17,7976,26,4,4,1,0
14,6948,39,3,4,0,0
19,6479,30,1,1,1,1
14,3931,42,5,3,1,0
11,8588,35,7,4,0,0
5,2424,29,2,1,0,1
11,8304,57,5,1,1,1
14,9345,34,6,4,1,0
9,6724,32,7,1,0,1
10,9875,59,1,0,0,0
14,2894,32,7,0,1,0
11,8633,32,4,4,1,0
18,9160,56,8,3,1,0
19,8470,30,4,0,0,0
9,2597,34,6,0,1,1
11,5062,49,9,4,1,0
13,4336,26,5,2,1,1
7,6688,57,4,1,1,1
12,3687,37,8,0,1,0
6,9740,43,9,2,1,1
15,2572,44,4,3,1,0
11,9521,38,3,2,1,1
17,8171,35,8,4,1,0
6,9097,30,5,3,1,1
19,4090,33,2,3,1,0
18,7800,26,9,2,0,0
8,8566,29,3,4,1,1
11,5669,55,2,0,0,0
7,6272,36,1,2,1,1
6,6624,24,8,0,0,1
15,3633,52,3,2,1,0
14,7061,35,7,0,1,1
11,3517,33,1,2,1,0
5,6293,56,1,3,1,1
18,4657,21,9,1,1,1
19,5648,42,8,3,1,0
12,8985,49,3,0,1,1
7,6948,57,6,4,0,1
16,5588,30,3,3,1,0
16,3537,34,4,1,1,0
17,8165,54,1,0,0,0
6,9279,23,5,3,1,1
7,7176,36,1,2,1,1
9,5137,30,1,4,1,1
15,8985,43,7,0,1,1
12,2097,31,6,3,1,0
14,5215,48,2,0,0,0
11,7999,21,2,2,0,0
11,6530,56,7,1,1,1
16,6732,25,1,3,0,0
11,5750,42,2,0,0,0
19,5157,30,8,0,1,1
12,6683,49,6,0,1,1
5,2343,55,2,1,1,1
8,7413,55,7,0,1,1
17,8075,45,4,4,1,0
10,6666,47,2,4,1,0
13,9817,20,6,0,1,1
17,2610,45,9,4,1,0
6,3727,20,9,3,1,1
5,4290,51,8,4,1,1
17,3854,33,3,0,0,0
14,4608,39,3,2,1,1
16,7055,49,2,3,1,0
18,4079,55,5,1,1,1
6,8534,25,4,0,1,1
11,4324,25,7,1,1,1
7,6627,23,4,2,0,1
14,3177,31,9,1,0,0
6,8526,49,2,0,1,1
18,3091,52,6,0,1,0
15,7997,27,7,2,0,0
11,6979,20,4,0,1,1
17,8357,29,6,2,0,0
17,7774,48,7,2,1,1
6,8519,46,4,0,0,1
7,4791,22,8,4,1,1
15,8356,42,9,2,1,1
11,8222,58,1,0,1,1
18,3749,48,7,4,1,0
8,4675,38,9,2,1,1
17,8747,37,5,4,1,0
18,2781,56,2,3,1,0
5,9548,39,6,3,1,1
17,5048,21,7,4,1,0
18,8823,30,2,2,1,1
9,4105,59,2,0,1,1
16,5867,37,1,1,0,0
13,9193,30,4,0,1,1
12,6976,34,7,1,0,0
16,6542,53,9,1,0,0
19,4113,50,3,2,0,0
